{
  "measurement_schema_version": "1",
  "protocol": "One source preparation, two warm-ups and five measured reused-source processes per profile; median representative output verified after timing.",
  "profiles": [
    {
      "name": "mixed-inline-baseline",
      "git_revision": "494c378124fdb9e1bb8ddfb572c3d30a5c883a12",
      "benchmark_schema_version": "7",
      "source_pattern": "mixed-inline",
      "source_cells": 1000000,
      "source_compression_level": 6,
      "output_compression_level": 1,
      "warmup_runs": 2,
      "measured_runs": 5,
      "total_editor_ms": [3730, 3317, 3408, 3342, 3240],
      "mutation_ms": [2717, 2390, 2475, 2643, 2576],
      "single_pass_transform_us": [2216420, 1976299, 1868104, 2016896, 2002076],
      "single_pass_source_scan_action_us": [2136264, 1916413, 1810263, 1957021, 1935361],
      "parsed_events": [5866672, 5866672, 5866672, 5866672, 5866672],
      "source_callbacks": [3866682, 3866682, 3866682, 3866682, 3866682],
      "coalesced_input_events": [3000000, 3000000, 3000000, 3000000, 3000000],
      "coalesced_output_events": [1000010, 1000010, 1000010, 1000010, 1000010],
      "simple_inline_fast_path_count": [0, 0, 0, 0, 0],
      "simple_inline_fast_path_bytes": [0, 0, 0, 0, 0],
      "simple_inline_fallback_count": [0, 0, 0, 0, 0],
      "transform_actions": [3200515, 3200515, 3200515, 3200515, 3200515],
      "peak_working_set_mb": [9.31641, 9.36719, 9.32422, 9.28906, 9.3125],
      "representative_openpyxl": "opened",
      "verified_external_hyperlink_target": null
    },
    {
      "name": "mixed-inline-fast-path",
      "git_revision": "5208cc738b2564e97e2ba2666fe3f6cbcf93021c",
      "benchmark_schema_version": "8",
      "source_pattern": "mixed-inline",
      "source_cells": 1000000,
      "source_compression_level": 6,
      "output_compression_level": 1,
      "warmup_runs": 2,
      "measured_runs": 5,
      "total_editor_ms": [2390, 2521, 2656, 2767, 2449],
      "mutation_ms": [1770, 1950, 2056, 2156, 1798],
      "single_pass_transform_us": [1436802, 1588001, 1579572, 1734425, 1459880],
      "single_pass_source_scan_action_us": [1391169, 1532070, 1519656, 1682015, 1413937],
      "parsed_events": [4533364, 4533364, 4533364, 4533364, 4533364],
      "source_callbacks": [3200028, 3200028, 3200028, 3200028, 3200028],
      "coalesced_input_events": [2000019, 2000019, 2000019, 2000019, 2000019],
      "coalesced_output_events": [666683, 666683, 666683, 666683, 666683],
      "simple_inline_fast_path_count": [333327, 333327, 333327, 333327, 333327],
      "simple_inline_fast_path_bytes": [7895685, 7895685, 7895685, 7895685, 7895685],
      "simple_inline_fallback_count": [6, 6, 6, 6, 6],
      "transform_actions": [2201035, 2201035, 2201035, 2201035, 2201035],
      "peak_working_set_mb": [9.34766, 9.26562, 9.30078, 9.32031, 9.32422],
      "representative_openpyxl": "opened",
      "verified_external_hyperlink_target": null
    },
    {
      "name": "formula-hyperlink-guard",
      "git_revision": "5208cc738b2564e97e2ba2666fe3f6cbcf93021c",
      "benchmark_schema_version": "8",
      "source_pattern": "formula",
      "source_cells": 1000000,
      "source_compression_level": 6,
      "output_compression_level": 1,
      "warmup_runs": 2,
      "measured_runs": 5,
      "total_editor_ms": [2304, 2401, 2555, 2338, 1988],
      "mutation_ms": [1804, 1873, 2066, 1864, 1668],
      "single_pass_transform_us": [1518105, 1463535, 1692591, 1549962, 1488663],
      "single_pass_source_scan_action_us": [1478204, 1423467, 1646015, 1513250, 1451482],
      "parsed_events": [5200009, 5200009, 5200009, 5200009, 5200009],
      "source_callbacks": [3600016, 3600016, 3600016, 3600016, 3600016],
      "coalesced_input_events": [2600000, 2600000, 2600000, 2600000, 2600000],
      "coalesced_output_events": [1000007, 1000007, 1000007, 1000007, 1000007],
      "simple_inline_fast_path_count": [0, 0, 0, 0, 0],
      "simple_inline_fast_path_bytes": [0, 0, 0, 0, 0],
      "simple_inline_fallback_count": [0, 0, 0, 0, 0],
      "transform_actions": [2800722, 2800722, 2800722, 2800722, 2800722],
      "peak_working_set_mb": [8.32422, 8.33594, 8.29688, 8.31641, 8.30469],
      "representative_openpyxl": "opened",
      "verified_external_hyperlink_target": "https://example.com/fastxlsx-benchmark"
    }
  ]
}
